,raca,cod_mun,qtd_pessoas,qtd_pes_pobres,qtd_pes_vulneraveis,qtd_pes_pob_vul,qtd_0a11,qtd_0a11_pobres,qtd_0a11_vulneraveis,qtd_0a11_pob_vul,incidencia,IPM,proporcao
0,Amarela,17386874197,2105352.681619363,434496.2818783652,252326.77877801354,686823.0606563787,322316.629241148,100431.81841856544,47416.28961476805,147848.10803333347,200366.53234938695,86227.96704443304,32.622708140666425
1,Branca,18103242368,90621281.12863292,13556547.173950909,9523116.321606286,23079663.495557196,16087892.535516009,3329580.0393692614,2019814.266744624,5349394.306113886,195674.05387382078,83144.5031926166,25.46826000263297
2,Indígena,10579135320,821500.6962993721,542511.2283724495,89776.75238379432,632287.9807562438,240733.17856527618,199157.46812562904,18868.612934504177,218026.0810601332,120033.57312687613,53170.61128402612,76.96743089866168
3,Parda,18103242368,82820451.5487101,26539118.585156884,13134882.12349732,39674000.7086542,17019716.629573423,6876656.950937815,2822967.951767785,9699624.902705599,234931.10538960472,101976.5194119022,47.90362762671042
4,Preta,18090412250,14351162.010371774,3844309.1264449316,2208798.5387734617,6053107.665218393,1954333.1154806986,734984.7858279271,320655.3769409705,1055640.1627688974,235346.02432904707,102438.08012116396,42.17851948743755
